path	raw_bytes	normalized_bytes	tokens	nodes	kinds	trivia_runs	tail_bytes	artifact_bytes	setup_ms	analyze_ms
Archive/Arithcc.lean	12316	12316	2182	3395	146	1665	0	132872	720.422	2045.849
Mathlib/Algebra/Algebra/Rat.lean	2591	2591	414	717	56	314	0	25166	698.752	1242.815
Mathlib/Algebra/Category/ModuleCat/Ext/DimensionShifting.lean	2447	2447	346	420	56	200	0	18331	3158.681	3298.271
Mathlib/Algebra/Divisibility/Hom.lean	1044	1044	154	194	35	112	0	8382	826.509	1067.412
Mathlib/Algebra/Group/Pointwise/Finset/Scalar.lean	14683	14683	2797	4354	116	2000	0	167363	739.999	2044.494
Mathlib/Algebra/Homology/DerivedCategory/Basic.lean	13389	13389	1554	2499	99	923	0	93808	935.901	2406.835
Mathlib/Algebra/Jordan/Basic.lean	10464	10464	2382	2917	84	1435	0	126861	1351.882	3456.985
Mathlib/Algebra/Module/Submodule/Union.lean	5788	5788	1200	1806	128	870	0	71864	1160.706	2937.109
Mathlib/Algebra/Order/Group/Int/Sum.lean	3325	3325	682	864	72	469	0	36521	821.295	1465.251
Mathlib/Algebra/Order/Sub/Unbundled/Basic.lean	11508	11508	2266	2963	74	1776	0	123652	827.701	1569.220
Mathlib/Algebra/Ring/IsFormallyReal.lean	5449	5449	915	1534	131	676	0	57567	825.975	3357.297
Mathlib/AlgebraicGeometry/IdealSheaf/Subscheme.lean	37905	37905	6061	9224	159	3695	0	368653	2265.864	8676.884
Mathlib/AlgebraicTopology/MooreComplex.lean	5980	5980	757	1132	94	524	0	44703	2324.232	1885.918
Mathlib/Analysis/Asymptotics/SuperpolynomialDecay.lean	15012	15012	2903	3862	124	2008	0	165463	1887.506	2777.617
Mathlib/Analysis/Calculus/FDeriv/RestrictScalars.lean	4739	4739	658	863	60	466	0	35741	1423.428	2586.523
Mathlib/Analysis/Convex/Cone/InnerDual.lean	6699	6699	922	1390	129	621	0	54950	1677.310	2851.391
Mathlib/Analysis/InnerProductSpace/l2Space.lean	26385	26385	3749	5353	179	2521	0	225570	1516.749	6151.963
Mathlib/Analysis/Normed/Module/Multilinear/Basic.lean	63690	63690	11211	14678	209	7480	0	660805	1057.420	15486.456
Mathlib/Analysis/SpecialFunctions/Gamma/Basic.lean	22951	22951	4473	6547	197	2907	0	270761	2634.782	4128.443
Mathlib/CategoryTheory/Action/Concrete.lean	8216	8216	1555	2278	124	1028	0	89459	933.892	2031.593
Mathlib/CategoryTheory/ConcreteCategory/Representable.lean	1069	1069	170	181	41	109	0	8755	714.916	1155.901
Mathlib/CategoryTheory/Groupoid/VertexGroup.lean	3016	3016	343	539	63	257	0	21009	712.767	1196.032
Mathlib/CategoryTheory/Limits/Preserves/Ulift.lean	3250	3250	472	674	67	278	0	27012	711.344	1259.809
Mathlib/CategoryTheory/Localization/Pi.lean	4936	4936	939	1127	69	558	0	49262	716.576	1300.269
Mathlib/CategoryTheory/Monoidal/Widesubcategory.lean	3794	3794	587	943	74	370	0	35187	853.857	1651.242
Mathlib/CategoryTheory/Shift/Opposite.lean	13120	13120	1562	2371	79	959	0	90433	807.305	2216.091
Mathlib/CategoryTheory/SmallRepresentatives.lean	8021	8021	1190	2016	115	821	0	73882	819.383	1706.140
Mathlib/Combinatorics/Matroid/Minor/Delete.lean	10664	10664	2024	3002	118	1351	0	116100	837.520	1958.626
Mathlib/Computability/Halting.lean	2585	2585	475	621	82	299	0	26494	864.721	1324.107
Mathlib/Data/FP/Basic.lean	7321	7321	1510	2237	112	1223	0	88015	754.946	1360.070
Mathlib/Data/Fintype/Shrink.lean	695	695	109	178	33	60	0	6603	729.311	1111.239
Mathlib/Data/Multiset/Bind.lean	14739	14739	3825	6099	151	2615	0	232526	676.990	1900.506
Mathlib/Data/PFunctor/Multivariate/Basic.lean	6464	6464	1634	2375	128	1097	0	93701	688.338	1345.172
Mathlib/Data/Stream/Init.lean	25092	25092	6834	10249	165	4736	0	411671	713.689	2549.992
Mathlib/FieldTheory/MvRatFunc/Rank.lean	1464	1464	208	288	57	124	0	12122	1293.772	1694.424
Mathlib/Geometry/Manifold/Sheaf/Basic.lean	4217	4217	422	579	72	298	0	24582	1248.919	1706.282
Mathlib/GroupTheory/NoncommPiCoprod.lean	13981	13981	2428	3578	129	1709	0	145122	828.933	2304.938
Mathlib/LinearAlgebra/Basis/Exact.lean	7300	7300	1262	1662	107	833	0	68930	968.278	1972.925
Mathlib/LinearAlgebra/Matrix/CharP.lean	760	760	73	102	35	50	0	4738	719.590	1083.471
Mathlib/LinearAlgebra/RootSystem/Finite/Nondegenerate.lean	20323	20323	2928	4426	163	1991	0	177708	1462.921	4563.174
Mathlib/MeasureTheory/Constructions/ProjectiveFamilyContent.lean	8302	8302	1157	1587	113	816	0	65650	1155.620	1725.670
Mathlib/MeasureTheory/Integral/IntervalIntegral/Periodic.lean	23654	23654	3881	5232	181	2639	0	227681	1346.550	4418.246
Mathlib/MeasureTheory/SpecificCodomains/ContinuousMap.lean	6916	6916	799	909	73	505	0	41091	1524.176	1934.721
Mathlib/NumberTheory/LSeries/ZMod.lean	28254	28254	4961	6966	166	3303	0	296399	2979.536	4957.078
Mathlib/NumberTheory/SelbergSieve.lean	18733	18733	2721	4107	172	2057	0	169269	963.198	2446.859
Mathlib/Order/Filter/ENNReal.lean	13150	13150	2912	4635	126	1960	0	175929	819.619	2166.106
Mathlib/Order/Quotient.lean	4552	4552	906	1396	95	663	0	53906	721.526	1407.036
Mathlib/Probability/Kernel/Deterministic.lean	7638	7638	1017	1575	120	725	0	61209	1052.983	1706.932
Mathlib/RingTheory/AlgebraicIndependent/TranscendenceBasis.lean	29681	29681	5653	7432	180	3559	0	324869	1279.054	6505.500
Mathlib/RingTheory/Flat/Tensor.lean	4608	4608	442	643	65	296	0	25836	1127.371	1970.802
Mathlib/RingTheory/KrullDimension/Regular.lean	11550	11550	1842	2517	125	1213	0	104245	1363.880	2473.227
Mathlib/RingTheory/PiTensorProduct.lean	11426	11426	2522	3743	133	1640	0	146081	858.488	4778.641
Mathlib/RingTheory/Smooth/Basic.lean	26832	26832	4242	5625	181	2787	0	246286	1261.854	5907.848
Mathlib/SetTheory/Cardinal/Cofinality/Club.lean	11889	11889	2448	3704	163	1608	0	145437	845.007	3520.882
Mathlib/Tactic/Conv.lean	6440	6440	615	873	113	349	0	35537	618.614	1201.830
Mathlib/Tactic/Nontriviality.lean	295	295	5	8	4	5	0	695	606.241	857.790
Mathlib/Testing/Plausible/Testable.lean	880	880	79	145	36	65	0	5628	596.061	843.250
Mathlib/Topology/Algebra/ProperAction/AddTorsor.lean	129	129	6	4	3	4	0	621	925.988	1212.787
Mathlib/Topology/Compactness/LocallyFinite.lean	2134	2134	299	427	70	193	0	17670	723.251	1170.466
Mathlib/Topology/Irreducible.lean	26946	26946	4731	6695	178	3029	0	281107	816.151	2166.448
Mathlib/Topology/Order/ScottTopology.lean	16328	16328	2356	3633	145	1646	0	143801	939.948	1745.629
Mathlib/Util/DischargerAsTactic.lean	1121	1121	86	141	39	63	0	5915	650.517	910.206
